class,precision,recall,f1-score,support
cherry,0.9864864864864865,0.9733333333333334,0.9798657718120806,300.0
tomato,0.9635258358662614,0.9875389408099688,0.9753846153846154,321.0
strawberry,0.9856733524355301,0.9745042492917847,0.98005698005698,353.0
